{
  "train_loss": [
    0.7727718129754066,
    0.7060962058603764,
    0.7234530039131641
  ],
  "val_loss": [
    0.6896650791168213,
    0.6928442977368832,
    0.682500921189785
  ],
  "train_acc": [
    0.484375,
    0.515625,
    0.5
  ],
  "val_acc": [
    0.5625,
    0.53125,
    0.578125
  ]
}