{
  "train_loss": [
    0.7071036994457245,
    0.6660220921039581
  ],
  "val_loss": [
    0.6933174133300781,
    0.6933218836784363
  ],
  "train_acc": [
    0.375,
    0.875
  ],
  "val_acc": [
    0.5,
    0.5
  ]
}