{
  "train_loss": [
    0.7113801538944244,
    0.5702033191919327,
    0.3914037197828293,
    0.2839362770318985,
    0.24825291708111763
  ],
  "val_loss": [
    0.6977148801088333,
    0.6976606845855713,
    0.6938547939062119,
    0.6890409886837006,
    0.6795410960912704
  ],
  "train_acc": [
    0.46875,
    0.8125,
    1.0,
    1.0,
    1.0
  ],
  "val_acc": [
    0.484375,
    0.484375,
    0.46875,
    0.515625,
    0.515625
  ]
}